TRUNCATE TABLE `0_chart_class`;
INSERT INTO `0_chart_class` VALUES
(1, '資產', 1),
(2, '負債', 1),
(3, '業主權益', 0),
(4, '營業收入', 0),
(5, '營業成本', 0),
(6, '營業費用', 0),
(7, '營業外收入及費用', 0),
(8, '所得稅費用(或利益)', 0),
(9, '非經常營業損益', 0);

TRUNCATE TABLE `0_chart_types`;
INSERT INTO `0_chart_types` (`id`, `name`, `class_id`) VALUES
(1, '流動資產', 1),
(2, '基金及長期投資', 1),
(3, '固定資產', 1),
(4, '遞耗資產', 1),
(5, '無形資產', 1),
(6, '其他資產', 1),
(7, '流動負債', 2),
(8, '長期負債', 2),
(9, '其他負債', 2),
(10, '資本', 3),
(11, '資本公積', 3),
(12, '保留盈餘(或累積虧損)', 3),
(13, '權益調整', 3),
(14, '庫藏股', 3),
(15, '少數股權', 3),
(16, '銷貨收入', 4),
(17, '勞務收入', 4),
(18, '業務收入', 4),
(19, '其他營業收入', 4),
(20, '銷貨成本', 5),
(21, '勞務成本', 5),
(22, '業務成本', 5),
(23, '其他營業成本', 5),
(24, '推銷費用', 6),
(25, '管理及總務費用', 6),
(26, '研究發展費用', 6),
(27, '營業外收入', 7),
(28, '營業外費用', 7),
(29, '所得稅費用(或利益)', 8),
(30, '停業部門損益', 9),
(31, '非常損益', 9),
(32, '會計原則變動累積影響數', 9),
(33, '少數股權淨利', 9);

TRUNCATE TABLE `0_chart_master`;
INSERT INTO `0_chart_master` (`account_code`, `account_name`, `account_type`) VALUES
('1111', '庫存現金', 1),
('1112', '零用金/週轉金', 1),
('1113', '銀行存款', 1),
('1116', '在途現金', 1),
('1117', '約當現金', 1),
('1118', '其他現金及 約當現金', 1),
('1121', '短期投資—股票', 1),
('1122', '短期投資—短期票券', 1),
('1123', '短期投資—政府債券', 1),
('1124', '短期投資—受益憑證', 1),
('1125', '短期投資—公司債', 1),
('1128', '短期投資—其他', 1),
('1129', '備抵短期投資跌價損失', 1),
('1131', '應收票據', 1),
('1132', '應收票據貼現', 1),
('1137', '應收票據—關係人', 1),
('1138', '其他應收票據', 1),
('1139', '備抵呆帳—應收票據', 1),
('1141', '應收帳款', 1),
('1142', '應收分期帳款', 1),
('1147', '應收帳款—關係人', 1),
('1149', '備抵呆帳—應收帳款', 1),
('1181', '應收出售遠匯款', 1),
('1182', '應收遠匯款—外幣', 1),
('1183', '買賣遠匯折價', 1),
('1184', '應收收益', 1),
('1185', '應收退稅款', 1),
('1187', '其他應收款—關係人', 1),
('1188', '其他應收款—其他', 1),
('1189', '備抵呆帳—其他應收款', 1),
('1211', '商品存貨', 1),
('1212', '寄銷商品', 1),
('1213', '在途商品', 1),
('1219', '備抵存貨跌價損失', 1),
('1221', '製成品', 1),
('1222', '寄銷製成品', 1),
('1223', '副產品', 1),
('1224', '在製品', 1),
('1225', '委外加工', 1),
('1226', '原料', 1),
('1227', '物料', 1),
('1228', '在途原物料', 1),
('1229', '備抵存貨跌價損失', 1),
('1251', '預付薪資', 1),
('1252', '預付租金', 1),
('1253', '預付保險費', 1),
('1254', '用品盤存', 1),
('1255', '預付所得稅', 1),
('1258', '其他預付費用', 1),
('1261', '預付貨款', 1),
('1268', '其他預付款項', 1),
('1281', '進項稅額', 1),
('1282', '留抵稅額', 1),
('1283', '暫付款', 1),
('1284', '代付款', 1),
('1285', '員工借支', 1),
('1286', '存出保證金', 1),
('1287', '受限制存款', 1),
('1291', '遞延所得稅資產', 1),
('1292', '遞延兌換損失', 1),
('1293', '業主(股東)往來', 1),
('1294', '同業往來', 1),
('1298', '其他流動資產—其他', 1),
('1311', '償債基金', 2),
('1312', '改良及擴充基金', 2),
('1313', '意外損失準備基金', 2),
('1314', '退休基金', 2),
('1318', '其他基金', 2),
('1321', '長期股權投資', 2),
('1322', '長期債券投資', 2),
('1323', '長期不動產投資', 2),
('1324', '人壽保險現金解約價值', 2),
('1328', '其他長期投資', 2),
('1329', '備抵長期投資跌價損失', 2),
('1411', '土地', 3),
('1418', '土地—重估增值', 3),
('1421', '土地改良物', 3),
('1428', '土地改良物—重估增值', 3),
('1429', '累積折舊—土地改良物', 3),
('1431', '房屋及建物', 3),
('1438', '房屋及建物—重估增值', 3),
('1439', '累積折舊—房屋及建物', 3),
('1441', '機(器)具', 3),
('1448', '機(器)具—重估增值', 3),
('1449', '累積折舊—機(器)具', 3),
('1511', '租賃資產', 3),
('1519', '累積折舊—租賃資產', 3),
('1521', '租賃權益改良', 3),
('1529', '累積折舊— 租賃權益改良', 3),
('1561', '未完工程', 3),
('1562', '預付購置設備款', 3),
('1581', '雜項固定資產', 3),
('1588', '雜項固定資產—重估增值', 3),
('1589', '累積折舊— 雜項固定資產', 3),
('1611', '天然資源', 4),
('1618', '天然資源—重估增值', 4),
('1619', '累積折耗—天然資源', 4),
('1711', '商標權', 5),
('1721', '專利權', 5),
('1731', '特許權', 5),
('1741', '著作權', 5),
('1751', '電腦軟體', 5),
('1761', '商譽', 5),
('1771', '開辦費', 5),
('1781', '遞延退休金成本', 5),
('1782', '租賃權益改良', 5),
('1788', '其他無形資產—其他', 5),
('1811', '債券發行成本', 6),
('1812', '長期預付租金', 6),
('1813', '長期預付保險費', 6),
('1814', '遞延所得稅資產', 6),
('1815', '預付退休金', 6),
('1818', '其他遞延資產', 6),
('1821', '閒置資產', 6),
('1841', '長期應收票據', 6),
('1842', '長期應收帳款', 6),
('1843', '催收帳款', 6),
('1847', '長期應收票據及款項與催收帳款—關係人', 6),
('1848', '其他長期應收款項', 6),
('1849', '備抵呆帳—長期應收票據及款項與催收帳款', 6),
('1851', '出租資產', 6),
('1858', '出租資產—重估增值', 6),
('1859', '累積折舊—出租資產', 6),
('1861', '存出保證金', 6),
('1881', '受限制存款', 6),
('1888', '雜項資產—其他', 6),
('2111', '銀行透支', 7),
('2112', '銀行借款', 7),
('2114', '短期借款—業主', 7),
('2115', '短期借款—員工', 7),
('2117', '短期借款—關係人', 7),
('2118', '短期借款—其他', 7),
('2121', '應付商業本票', 7),
('2122', '銀行承兌匯票', 7),
('2128', '其他應付短期票券', 7),
('2129', '應付短期票券折價', 7),
('2131', '應付票據', 7),
('2137', '應付票據—關係人', 7),
('2138', '其他應付票據', 7),
('2141', '應付帳款', 7),
('2147', '應付帳款—關係人', 7),
('2161', '應付所得稅', 7),
('2171', '應付薪工', 7),
('2172', '應付租金', 7),
('2173', '應付利息', 7),
('2174', '應付營業稅', 7),
('2175', '應付稅捐—其他', 7),
('2178', '其他應付費用', 7),
('2181', '應付購入遠匯款', 7),
('2182', '應付遠匯款—外幣', 7),
('2183', '買賣遠匯溢價', 7),
('2184', '應付土地房屋款', 7),
('2185', '應付設備款', 7),
('2187', '其他應付款—關係人', 7),
('2191', '應付股利', 7),
('2192', '應付紅利', 7),
('2193', '應付董監事酬勞', 7),
('2198', '其他應付款—其他', 7),
('2261', '預收貨款', 7),
('2262', '預收收入', 7),
('2268', '其他預收款', 7),
('2271', '一年或一營業週期內到期公司債', 7),
('2272', '一年或一營業週期內到期長期借款', 7),
('2273', '一年或一營業週期內到期長期應付票據及款項', 7),
('2277', '一年或一營業週期內到期長期應付票據及款項—關係人', 7),
('2278', '其他一年或一營業週期內到期長期負債', 7),
('2281', '銷項稅額', 7),
('2283', '暫收款', 7),
('2284', '代收款', 7),
('2285', '估計售後服務/保固負債', 7),
('2291', '遞延所得稅負債', 7),
('2292', '遞延兌換利益', 7),
('2293', '業主(股東)往來', 7),
('2294', '同業往來', 7),
('2298', '其他流動負債—其他', 7),
('2311', '應付公司債', 8),
('2319', '應付公司債溢(折)價', 8),
('2321', '長期銀行借款', 8),
('2324', '長期借款—業主', 8),
('2325', '長期借款—員工', 8),
('2327', '長期借款—關係人', 8),
('2328', '長期借款—其他', 8),
('2331', '長期應付票據', 8),
('2332', '長期應付帳款', 8),
('2333', '長期應付租賃負債', 8),
('2337', '長期應付票據及款項—關係人', 8),
('2338', '其他長期應付款項', 8),
('2341', '估計應付土地增值稅', 8),
('2351', '應計退休金負債', 8),
('2388', '其他長期負債—其他', 8),
('2811', '遞延收入', 9),
('2814', '遞延所得稅負債', 9),
('2818', '其他遞延負債', 9),
('2861', '存入保證金', 9),
('2888', '雜項負債—其他', 9),
('3111', '普通股股本', 10),
('3112', '特別股股本', 10),
('3113', '預收股本', 10),
('3114', '待分配股票股利', 10),
('3115', '資本', 10),
('3211', '普通股股票溢價', 11),
('3212', '特別股股票溢價', 11),
('3231', '資產重估增值準備', 11),
('3241', '處分資產溢價公積', 11),
('3251', '合併公積', 11),
('3261', '受贈公積', 11),
('3281', '權益法長期股權投資資本公積', 11),
('3282', '資本公積— 庫藏股票交易', 11),
('3311', '法定盈餘公積', 12),
('3321', '意外損失準備', 12),
('3322', '改良擴充準備', 12),
('3323', '償債準備', 12),
('3328', '其他特別盈餘公積', 12),
('3351', '累積盈虧', 12),
('3352', '前期損益調整', 12),
('3353', '本期損益', 12),
('3411', '長期股權投資未實現跌價損失', 13),
('3421', '累積換算調整數', 13),
('3431', '未認列為退休金成本之淨損失', 13),
('3511', '庫藏股', 14),
('3611', '少數股權', 15),
('4111', '銷貨收入', 16),
('4112', '分期付款銷貨收入', 16),
('4171', '銷貨退回', 16),
('4191', '銷貨折讓', 16),
('4611', '勞務收入', 17),
('4711', '業務收入', 18),
('4888', '其他營業收入—其他', 19),
('5111', '銷貨成本', 20),
('5112', '分期付款銷貨成本', 20),
('5121', '進貨', 20),
('5122', '進貨費用', 20),
('5123', '進貨退出', 20),
('5124', '進貨折讓', 20),
('5131', '進料', 20),
('5132', '進料費用', 20),
('5133', '進料退出', 20),
('5134', '進料折讓', 20),
('5141', '直接人工', 20),
('5151', '間接人工', 20),
('5152', '租金支出', 20),
('5153', '文具用品', 20),
('5154', '旅費', 20),
('5155', '運費', 20),
('5156', '郵電費', 20),
('5157', '修繕費', 20),
('5158', '包裝費', 20),
('5161', '水電瓦斯費', 20),
('5162', '保險費', 20),
('5163', '加工費', 20),
('5166', '稅捐', 20),
('5168', '折舊', 20),
('5169', '各項耗竭及攤提', 20),
('5172', '伙食費', 20),
('5173', '職工福利', 20),
('5176', '訓練費', 20),
('5177', '間接材料', 20),
('5188', '其他製造費用', 20),
('5611', '勞務成本', 21),
('5711', '業務成本', 22),
('5888', '其他營業成本—其他', 23),
('6151', '薪資支出', 24),
('6152', '租金支出', 24),
('6153', '文具用品', 24),
('6154', '旅費', 24),
('6155', '運費', 24),
('6156', '郵電費', 24),
('6157', '修繕費', 24),
('6159', '廣告費', 24),
('6161', '水電瓦斯費', 24),
('6162', '保險費', 24),
('6164', '交際費', 24),
('6165', '捐贈', 24),
('6166', '稅捐', 24),
('6167', '呆帳損失', 24),
('6168', '折舊', 24),
('6169', '各項耗竭及攤提', 24),
('6172', '伙食費', 24),
('6173', '職工福利', 24),
('6175', '佣金支出', 24),
('6176', '訓練費', 24),
('6188', '其他推銷費用', 24),
('6251', '薪資支出', 25),
('6252', '租金支出', 25),
('6253', '文具用品', 25),
('6254', '旅費', 25),
('6255', '運費', 25),
('6256', '郵電費', 25),
('6257', '修繕費', 25),
('6259', '廣告費', 25),
('6261', '水電瓦斯費', 25),
('6262', '保險費', 25),
('6264', '交際費', 25),
('6265', '捐贈', 25),
('6266', '稅捐', 25),
('6267', '呆帳損失', 25),
('6268', '折舊', 25),
('6269', '各項耗竭及攤提', 25),
('6271', '外銷損失', 25),
('6272', '伙食費', 25),
('6273', '職工福利', 25),
('6274', '研究發展費用', 25),
('6275', '佣金支出', 25),
('6276', '訓練費', 25),
('6278', '勞務費', 25),
('6288', '其他管理及總務費用', 25),
('6351', '薪資支出', 26),
('6352', '租金支出', 26),
('6353', '文具用品', 26),
('6354', '旅費', 26),
('6355', '運費', 26),
('6356', '郵電費', 26),
('6357', '修繕費', 26),
('6361', '水電瓦斯費', 26),
('6362', '保險費', 26),
('6364', '交際費', 26),
('6366', '稅捐', 26),
('6368', '折舊', 26),
('6369', '各項耗竭及攤提', 26),
('6372', '伙食費', 26),
('6373', '職工福利', 26),
('6376', '訓練費', 26),
('6378', '其他研究發展費用', 26),
('7111', '利息收入', 27),
('7121', '權益法認列之投資收益', 27),
('7122', '股利收入', 27),
('7123', '短期投資市價回升利益', 27),
('7131', '兌換利益', 27),
('7141', '處分投資收益', 27),
('7151', '處分資產溢價收入', 27),
('7481', '捐贈收入', 27),
('7482', '租金收入', 27),
('7483', '佣金收入', 27),
('7484', '出售下腳及廢料收入', 27),
('7485', '存貨盤盈', 27),
('7486', '存貨跌價回升利益', 27),
('7487', '壞帳轉回利益', 27),
('7488', '其他營業外收入—其他', 27),
('7511', '利息費用', 28),
('7521', '權益法認列之投資損失', 28),
('7523', '短期投資未實現跌價損失', 28),
('7531', '兌換損失', 28),
('7541', '處分投資損失', 28),
('7551', '處分資產損失', 28),
('7881', '停工損失', 28),
('7882', '災害損失', 28),
('7885', '存貨盤損', 28),
('7886', '存貨跌價及呆滯損失', 28),
('7888', '其他營業外費用—其他', 28),
('8111', '所得稅費用（或利益）', 29),
('9111', '停業部門損益—停業前營業損益', 30),
('9121', '停業部門損益—處分損益', 30),
('9211', '非常損益', 31),
('9311', '會計原則變動累積影響數', 32),
('9411', '少數股權淨利', 33);
